{
  "feature_names": [
    "memtotal_kb",
    "swaptotal_kb",
    "swapfree_kb",
    "dma_buf_kb",
    "heapsize_kb",
    "heapmaxfree_kb",
    "heapminfree_kb",
    "dha_empty_kb",
    "dha_cache_kb",
    "currentcpuload",
    "aptemp",
    "apk_size_mb",
    "duration_sec",
    "graphics_encoded",
    "compilation_filter_encoded",
    "odex_encoded",
    "multiuser_encoded",
    "online_encoded",
    "game_pressure_encoded",
    "game_category_encoded",
    "device_ram_gb",
    "refreshrate",
    "memory_used_kb",
    "memory_utilization_pct",
    "swap_used_kb",
    "swap_utilization_pct",
    "heap_utilization_pct",
    "heap_free_ratio",
    "dha_total_kb",
    "dha_cache_ratio",
    "memory_pressure_score",
    "thermal_memory_interaction",
    "cpu_memory_stress",
    "ram_headroom_kb"
  ],
  "mean": [
    7984974.260738128,
    3992487.130369064,
    3013796.3607297307,
    333538.5926229164,
    1039159.2940966537,
    234379.6350086073,
    51937.59570894739,
    446561.68745014066,
    801040.5493974892,
    48.84871583322837,
    53.74565793340891,
    555.0717974555989,
    1879.0603350547929,
    1.5393206533148591,
    1.9891254146198094,
    1.5069908048872653,
    0.5641768484695806,
    0.7473233404710921,
    5.420539950455557,
    1.136541126086409,
    7.6150648696309355,
    89.92757274215896,
    4926423.075295482,
    62.16949242123783,
    966712.9910515598,
    24.338984842475668,
    77.44394559467028,
    0.22556054405329712,
    1245506.4390141496,
    0.6368000732306864,
    47.03728938973297,
    34.77861187165071,
    34.708537329656195,
    3013796.3607297307
  ],
  "scale": [
    1545545.6231527347,
    772772.8115763674,
    1528729.7075467287,
    225081.4107413034,
    308265.701531812,
    104769.0667680174,
    24169.76638982059,
    338466.61974736315,
    592497.9565458023,
    28.07108154673895,
    8.791013770332812,
    653.4715922327796,
    573.4043221866169,
    1.1059926806823424,
    1.4149583190497927,
    1.1192507576554283,
    0.4958642275063936,
    0.4345470806002732,
    3.464585626729778,
    1.257399783605377,
    1.473947165634856,
    24.472024933049816,
    1603979.923631576,
    17.49156336871703,
    1413311.703743206,
    34.98312673743406,
    7.235285037723107,
    0.07235285037723108,
    861750.428571312,
    0.113752864079656,
    24.48818871620384,
    15.72940554765268,
    28.93389878685986,
    1528729.7075467287
  ]
}